,Iteration,Accuracy
1,1,0.778801843
2,2,0.788018433
3,3,0.783410138
4,4,0.778801843
5,5,0.788018433
6,6,0.792626728
7,7,0.792626728
8,8,0.797235023
9,9,0.792626728
10,10,0.792626728
11,11,0.792626728
12,12,0.801843318
13,13,0.801843318
14,14,0.806451613
15,15,0.806451613
16,16,0.806451613
